S01 APU academic Adam Adam adam123
S02 APU academic Nicole Nicole nicole123
S03 APU academic CK CK CK123
S04 APU management Steve Steve steve123
S05 APU management Sam Sam Sam123
S08 APU Academic Hoho hoho hoho123
S09 APU Management Yoyo yoyo yoyo123
S10 APU Academic Ray ray ray123
S15 APU Academic Pika pika pika123
S20 APU Academic odin odin odin123

S88 APU Academic Anson anson anson123
